[
  {
    "model": "holiday_acres_api.barn_section",
    "pk": 1,
    "fields": {
      "created_at": "2021-12-11T15:21:58.060Z",
      "updated_at": "2021-12-11T15:21:58.060Z",
      "name": "New Barn"
    }
  },
  {
    "model": "holiday_acres_api.barn_section",
    "pk": 2,
    "fields": {
      "created_at": "2021-12-11T15:21:58.060Z",
      "updated_at": "2021-12-11T15:21:58.060Z",
      "name": "New Addition"
    }
  },
  {
    "model": "holiday_acres_api.barn_section",
    "pk": 3,
    "fields": {
      "created_at": "2021-12-11T15:21:58.060Z",
      "updated_at": "2021-12-11T15:21:58.060Z",
      "name": "Old Barn"
    }
  },
  {
    "model": "holiday_acres_api.barn_section",
    "pk": 4,
    "fields": {
      "created_at": "2021-12-11T15:21:58.060Z",
      "updated_at": "2021-12-11T15:21:58.060Z",
      "name": "Wood Floor"
    }
  },
  {
    "model": "holiday_acres_api.barn_section",
    "pk": 5,
    "fields": {
      "created_at": "2021-12-11T15:21:58.060Z",
      "updated_at": "2021-12-11T15:21:58.060Z",
      "name": "Cellar"
    }
  },
  {
    "model": "holiday_acres_api.barn_section",
    "pk": 6,
    "fields": {
      "created_at": "2021-12-11T15:21:58.060Z",
      "updated_at": "2021-12-11T15:21:58.060Z",
      "name": "Outside"
    }
  },
  {
    "model": "holiday_acres_api.horse",
    "pk": 1,
    "fields": {
      "created_at": "2021-12-11T15:31:27.352Z",
      "updated_at": "2021-12-11T15:31:27.352Z",
      "barn_section": 1,
      "owner": null,
      "name": "Tiger",
      "stall": "Stall 1"
    }
  },
  {
    "model": "holiday_acres_api.horse",
    "pk": 2,
    "fields": {
      "created_at": "2021-12-11T15:31:27.352Z",
      "updated_at": "2021-12-11T15:31:27.352Z",
      "barn_section": 1,
      "owner": null,
      "name": "Nate",
      "stall": "Stall 2"
    }
  },
  {
    "model": "holiday_acres_api.horse",
    "pk": 3,
    "fields": {
      "created_at": "2021-12-11T15:31:27.352Z",
      "updated_at": "2021-12-11T15:31:27.352Z",
      "barn_section": 1,
      "owner": null,
      "name": "Mac",
      "stall": "Stall 3"
    }
  },
  {
    "model": "holiday_acres_api.horse",
    "pk": 4,
    "fields": {
      "created_at": "2021-12-11T15:31:27.352Z",
      "updated_at": "2021-12-11T15:31:27.352Z",
      "barn_section": 1,
      "owner": null,
      "name": "Kai",
      "stall": "Stall 4"
    }
  },
  {
    "model": "holiday_acres_api.horse",
    "pk": 5,
    "fields": {
      "created_at": "2021-12-11T15:31:27.352Z",
      "updated_at": "2021-12-11T15:31:27.352Z",
      "barn_section": 1,
      "owner": null,
      "name": "Scotch",
      "stall": "Stall 5"
    }
  },
  {
    "model": "holiday_acres_api.horse",
    "pk": 6,
    "fields": {
      "created_at": "2021-12-11T15:31:27.352Z",
      "updated_at": "2021-12-11T15:31:27.352Z",
      "barn_section": 1,
      "owner": null,
      "name": "Murphy",
      "stall": "Stall 6"
    }
  },
  {
    "model": "holiday_acres_api.horse",
    "pk": 7,
    "fields": {
      "created_at": "2021-12-11T15:31:27.352Z",
      "updated_at": "2021-12-11T15:31:27.352Z",
      "barn_section": 1,
      "owner": null,
      "name": "Duncan",
      "stall": "Stall 7"
    }
  },
  {
    "model": "holiday_acres_api.horse",
    "pk": 8,
    "fields": {
      "created_at": "2021-12-11T15:31:27.352Z",
      "updated_at": "2021-12-11T15:31:27.352Z",
      "barn_section": 1,
      "owner": null,
      "name": "Jack",
      "stall": "Stall 8"
    }
  },
  {
    "model": "holiday_acres_api.horse",
    "pk": 9,
    "fields": {
      "created_at": "2021-12-11T15:31:27.352Z",
      "updated_at": "2021-12-11T15:31:27.352Z",
      "barn_section": 1,
      "owner": null,
      "name": "Chip",
      "stall": "Stall 9"
    }
  },
  {
    "model": "holiday_acres_api.horse",
    "pk": 10,
    "fields": {
      "created_at": "2021-12-11T15:31:27.352Z",
      "updated_at": "2021-12-11T15:31:27.352Z",
      "barn_section": 1,
      "owner": null,
      "name": "Bella",
      "stall": "Stall 10"
    }
  },
  {
    "model": "holiday_acres_api.horse",
    "pk": 11,
    "fields": {
      "created_at": "2021-12-11T15:31:27.352Z",
      "updated_at": "2021-12-11T15:31:27.352Z",
      "barn_section": 1,
      "owner": null,
      "name": "Fish",
      "stall": "Stall 11"
    }
  },
  {
    "model": "holiday_acres_api.horse",
    "pk": 12,
    "fields": {
      "created_at": "2021-12-11T15:31:27.352Z",
      "updated_at": "2021-12-11T15:31:27.352Z",
      "barn_section": 1,
      "owner": null,
      "name": "Shiloh",
      "stall": "Stall 12"
    }
  },
  {
    "model": "holiday_acres_api.horse",
    "pk": 13,
    "fields": {
      "created_at": "2021-12-11T15:31:27.352Z",
      "updated_at": "2021-12-11T15:31:27.352Z",
      "barn_section": 1,
      "owner": null,
      "name": "Belle",
      "stall": "Stall 13"
    }
  },
  {
    "model": "holiday_acres_api.horse",
    "pk": 14,
    "fields": {
      "created_at": "2021-12-11T15:31:27.352Z",
      "updated_at": "2021-12-11T15:31:27.352Z",
      "barn_section": 1,
      "owner": null,
      "name": "Midnight",
      "stall": "Stall 13"
    }
  },
  {
    "model": "holiday_acres_api.horse",
    "pk": 15,
    "fields": {
      "created_at": "2021-12-11T15:31:27.352Z",
      "updated_at": "2021-12-11T15:31:27.352Z",
      "barn_section": 1,
      "owner": null,
      "name": "Milo",
      "stall": "Stall 15"
    }
  },
  {
    "model": "holiday_acres_api.horse",
    "pk": 16,
    "fields": {
      "created_at": "2021-12-11T15:31:27.352Z",
      "updated_at": "2021-12-11T15:31:27.352Z",
      "barn_section": 2,
      "owner": null,
      "name": "Estrella",
      "stall": "Stall 16"
    }
  },
  {
    "model": "holiday_acres_api.horse",
    "pk": 17,
    "fields": {
      "created_at": "2021-12-11T15:31:27.352Z",
      "updated_at": "2021-12-11T15:31:27.352Z",
      "barn_section": 2,
      "owner": null,
      "name": "Annie",
      "stall": "Stall 17"
    }
  },
  {
    "model": "holiday_acres_api.horse",
    "pk": 18,
    "fields": {
      "created_at": "2021-12-11T15:31:27.352Z",
      "updated_at": "2021-12-11T15:31:27.352Z",
      "barn_section": 2,
      "owner": null,
      "name": "Clyde",
      "stall": "Stall 18"
    }
  },
  {
    "model": "holiday_acres_api.horse",
    "pk": 19,
    "fields": {
      "created_at": "2021-12-11T15:31:27.352Z",
      "updated_at": "2021-12-11T15:31:27.352Z",
      "barn_section": 2,
      "owner": null,
      "name": "Angel",
      "stall": "Stall 19"
    }
  },
  {
    "model": "holiday_acres_api.horse",
    "pk": 20,
    "fields": {
      "created_at": "2021-12-11T15:31:27.352Z",
      "updated_at": "2021-12-11T15:31:27.352Z",
      "barn_section": 2,
      "owner": null,
      "name": "Ranger",
      "stall": "Stall 20"
    }
  },
  {
    "model": "holiday_acres_api.horse",
    "pk": 21,
    "fields": {
      "created_at": "2021-12-11T15:31:27.352Z",
      "updated_at": "2021-12-11T15:31:27.352Z",
      "barn_section": 2,
      "owner": null,
      "name": "Oliver",
      "stall": "Stall 21"
    }
  },
  {
    "model": "holiday_acres_api.horse",
    "pk": 22,
    "fields": {
      "created_at": "2021-12-11T15:31:27.352Z",
      "updated_at": "2021-12-11T15:31:27.352Z",
      "barn_section": 3,
      "owner": null,
      "name": "Beau",
      "stall": "Stall 22"
    }
  },
  {
    "model": "holiday_acres_api.horse",
    "pk": 23,
    "fields": {
      "created_at": "2021-12-11T15:31:27.352Z",
      "updated_at": "2021-12-11T15:31:27.352Z",
      "barn_section": 3,
      "owner": null,
      "name": "Snickers",
      "stall": "Stall 23"
    }
  },
  {
    "model": "holiday_acres_api.horse",
    "pk": 24,
    "fields": {
      "created_at": "2021-12-11T15:31:27.352Z",
      "updated_at": "2021-12-11T15:31:27.352Z",
      "barn_section": 3,
      "owner": null,
      "name": "Penny",
      "stall": "Stall 24"
    }
  },
  {
    "model": "holiday_acres_api.horse",
    "pk": 25,
    "fields": {
      "created_at": "2021-12-11T15:31:27.352Z",
      "updated_at": "2021-12-11T15:31:27.352Z",
      "barn_section": 3,
      "owner": null,
      "name": "Champ",
      "stall": "Stall 25"
    }
  },
  {
    "model": "holiday_acres_api.horse",
    "pk": 26,
    "fields": {
      "created_at": "2021-12-11T15:31:27.352Z",
      "updated_at": "2021-12-11T15:31:27.352Z",
      "barn_section": 3,
      "owner": null,
      "name": "Pablo",
      "stall": "Stall 26"
    }
  },
  {
    "model": "holiday_acres_api.horse",
    "pk": 27,
    "fields": {
      "created_at": "2021-12-11T15:31:27.352Z",
      "updated_at": "2021-12-11T15:31:27.352Z",
      "barn_section": 3,
      "owner": null,
      "name": "Spirit",
      "stall": "Stall 27"
    }
  },
  {
    "model": "holiday_acres_api.horse",
    "pk": 28,
    "fields": {
      "created_at": "2021-12-11T15:31:27.352Z",
      "updated_at": "2021-12-11T15:31:27.352Z",
      "barn_section": 3,
      "owner": null,
      "name": "Lucky",
      "stall": "Stall 28"
    }
  },
  {
    "model": "holiday_acres_api.horse",
    "pk": 29,
    "fields": {
      "created_at": "2021-12-11T15:31:27.352Z",
      "updated_at": "2021-12-11T15:31:27.352Z",
      "barn_section": 4,
      "owner": null,
      "name": "Rascal",
      "stall": "Stall 29"
    }
  },
  {
    "model": "holiday_acres_api.horse",
    "pk": 30,
    "fields": {
      "created_at": "2021-12-11T15:31:27.352Z",
      "updated_at": "2021-12-11T15:31:27.352Z",
      "barn_section": 4,
      "owner": null,
      "name": "Pepper",
      "stall": "Stall 30"
    }
  },
  {
    "model": "holiday_acres_api.horse",
    "pk": 31,
    "fields": {
      "created_at": "2021-12-11T15:31:27.352Z",
      "updated_at": "2021-12-11T15:31:27.352Z",
      "barn_section": 4,
      "owner": null,
      "name": "Teka",
      "stall": "Stall 31"
    }
  },
  {
    "model": "holiday_acres_api.horse",
    "pk": 32,
    "fields": {
      "created_at": "2021-12-11T15:31:27.352Z",
      "updated_at": "2021-12-11T15:31:27.352Z",
      "barn_section": 4,
      "owner": null,
      "name": "Cocoa",
      "stall": "Stall 32"
    }
  },
  {
    "model": "holiday_acres_api.horse",
    "pk": 33,
    "fields": {
      "created_at": "2021-12-11T15:31:27.352Z",
      "updated_at": "2021-12-11T15:31:27.352Z",
      "barn_section": 4,
      "owner": null,
      "name": "Keebler",
      "stall": "Stall 33"
    }
  },
  {
    "model": "holiday_acres_api.horse",
    "pk": 34,
    "fields": {
      "created_at": "2021-12-11T15:31:27.352Z",
      "updated_at": "2021-12-11T15:31:27.352Z",
      "barn_section": 6,
      "owner": null,
      "name": "Frisk",
      "stall": "Stall 34"
    }
  },
  {
    "model": "holiday_acres_api.horse",
    "pk": 35,
    "fields": {
      "created_at": "2021-12-11T15:31:27.352Z",
      "updated_at": "2021-12-11T15:31:27.352Z",
      "barn_section": 6,
      "owner": null,
      "name": "Domino",
      "stall": "Stall 35"
    }
  },
  {
    "model": "holiday_acres_api.horse",
    "pk": 36,
    "fields": {
      "created_at": "2021-12-11T15:31:27.352Z",
      "updated_at": "2021-12-11T15:31:27.352Z",
      "barn_section": 6,
      "owner": null,
      "name": "Honey",
      "stall": "Stall 36"
    }
  },
  {
    "model": "holiday_acres_api.horse",
    "pk": 37,
    "fields": {
      "created_at": "2021-12-11T15:31:27.352Z",
      "updated_at": "2021-12-11T15:31:27.352Z",
      "barn_section": 6,
      "owner": null,
      "name": "Rue",
      "stall": "Stall 37"
    }
  },

  {
    "model": "holiday_acres_api.feed",
    "pk": 1,
    "fields": {
      "created_at": "2021-12-11T15:36:09.227Z",
      "updated_at": "2021-12-11T15:36:09.227Z",
      "feed_type": "PELLETS",
      "unit": "SCOOP",
      "amount": "1.00",
      "horse": 1
    }
  },
  {
    "model": "holiday_acres_api.feed",
    "pk": 2,
    "fields": {
      "created_at": "2021-12-11T15:37:30.820Z",
      "updated_at": "2021-12-11T15:37:30.820Z",
      "feed_type": "FIBREMAX",
      "unit": "SCOOP",
      "amount": "0.5",
      "horse": 1
    }
  },
  {
    "model": "holiday_acres_api.feed",
    "pk": 3,
    "fields": {
      "created_at": "2021-12-11T15:37:30.820Z",
      "updated_at": "2021-12-11T15:37:30.820Z",
      "feed_type": "FIBREMAX",
      "unit": "SCOOP",
      "amount": "1.00",
      "horse": 2
    }
  },
  {
    "model": "holiday_acres_api.feed",
    "pk": 4,
    "fields": {
      "created_at": "2021-12-11T15:37:30.820Z",
      "updated_at": "2021-12-11T15:37:30.820Z",
      "feed_type": "ALFALFA",
      "unit": "PM",
      "amount": "1.00",
      "horse": 2
    }
  },
  {
    "model": "holiday_acres_api.feed",
    "pk": 5,
    "fields": {
      "created_at": "2021-12-11T15:37:30.820Z",
      "updated_at": "2021-12-11T15:37:30.820Z",
      "feed_type": "FIBREMAX",
      "unit": "SCOOP",
      "amount": "2.00",
      "horse": 3
    }
  },
  {
    "model": "holiday_acres_api.feed",
    "pk": 6,
    "fields": {
      "created_at": "2021-12-11T15:37:30.820Z",
      "updated_at": "2021-12-11T15:37:30.820Z",
      "feed_type": "PELLETS",
      "unit": "SCOOP",
      "amount": "1.00",
      "horse": 4
    }
  },
  {
    "model": "holiday_acres_api.feed",
    "pk": 7,
    "fields": {
      "created_at": "2021-12-11T15:37:30.820Z",
      "updated_at": "2021-12-11T15:37:30.820Z",
      "feed_type": "FIBREMAX",
      "unit": "SCOOP",
      "amount": ".50",
      "horse": 4
    }
  },
  {
    "model": "holiday_acres_api.feed",
    "pk": 8,
    "fields": {
      "created_at": "2021-12-11T15:37:30.820Z",
      "updated_at": "2021-12-11T15:37:30.820Z",
      "feed_type": "PELLETS",
      "unit": "SCOOP",
      "amount": "1.00",
      "horse": 5
    }
  },
  {
    "model": "holiday_acres_api.feed",
    "pk": 9,
    "fields": {
      "created_at": "2021-12-11T15:37:30.820Z",
      "updated_at": "2021-12-11T15:37:30.820Z",
      "feed_type": "FIBREMAX",
      "unit": "SCOOP",
      "amount": "1.00",
      "horse": 6
    }
  },
  {
    "model": "holiday_acres_api.feed",
    "pk": 9,
    "fields": {
      "created_at": "2021-12-11T15:37:30.820Z",
      "updated_at": "2021-12-11T15:37:30.820Z",
      "feed_type": "PELLETS",
      "unit": "SCOOP",
      "amount": "1.00",
      "horse": 6
    }
  },
  {
    "model": "holiday_acres_api.feed",
    "pk": 10,
    "fields": {
      "created_at": "2021-12-11T15:37:30.820Z",
      "updated_at": "2021-12-11T15:37:30.820Z",
      "feed_type": "HAY PELLETS",
      "unit": "SCOOP",
      "amount": ".50",
      "horse": 6
    }
  },
  {
    "model": "holiday_acres_api.feed",
    "pk": 11,
    "fields": {
      "created_at": "2021-12-11T15:37:30.820Z",
      "updated_at": "2021-12-11T15:37:30.820Z",
      "feed_type": "PELLETS",
      "unit": "SCOOP",
      "amount": "1.00",
      "horse": 7
    }
  },
  {
    "model": "holiday_acres_api.feed",
    "pk": 12,
    "fields": {
      "created_at": "2021-12-11T15:37:30.820Z",
      "updated_at": "2021-12-11T15:37:30.820Z",
      "feed_type": "ALFALFA",
      "unit": "PM",
      "amount": "1.00",
      "horse": 7
    }
  },
  {
    "model": "holiday_acres_api.feed",
    "pk": 13,
    "fields": {
      "created_at": "2021-12-11T15:37:30.820Z",
      "updated_at": "2021-12-11T15:37:30.820Z",
      "feed_type": "PELLETS",
      "unit": "SCOOP",
      "amount": "1.00",
      "horse": 8
    }
  },
  {
    "model": "holiday_acres_api.feed",
    "pk": 14,
    "fields": {
      "created_at": "2021-12-11T15:37:30.820Z",
      "updated_at": "2021-12-11T15:37:30.820Z",
      "feed_type": "FIBREMAX",
      "unit": "SCOOP",
      "amount": ".50",
      "horse": 8
    }
  },
  {
    "model": "holiday_acres_api.feed",
    "pk": 15,
    "fields": {
      "created_at": "2021-12-11T15:37:30.820Z",
      "updated_at": "2021-12-11T15:37:30.820Z",
      "feed_type": "PELLETS",
      "unit": "SCOOP",
      "amount": ".75",
      "horse": 9
    }
  },
  {
    "model": "holiday_acres_api.feed",
    "pk": 16,
    "fields": {
      "created_at": "2021-12-11T15:37:30.820Z",
      "updated_at": "2021-12-11T15:37:30.820Z",
      "feed_type": "PELLETS",
      "unit": "SCOOP",
      "amount": "1.50",
      "horse": 10
    }
  },
  {
    "model": "holiday_acres_api.feed",
    "pk": 17,
    "fields": {
      "created_at": "2021-12-11T15:37:30.820Z",
      "updated_at": "2021-12-11T15:37:30.820Z",
      "feed_type": "FIBREMAX",
      "unit": "SCOOP",
      "amount": "1.00",
      "horse": 11
    }
  },
  {
    "model": "holiday_acres_api.feed",
    "pk": 18,
    "fields": {
      "created_at": "2021-12-11T15:37:30.820Z",
      "updated_at": "2021-12-11T15:37:30.820Z",
      "feed_type": "HAY PELLETS",
      "unit": "SCOOP",
      "amount": ".50",
      "horse": 11
    }
  },
  {
    "model": "holiday_acres_api.feed",
    "pk": 19,
    "fields": {
      "created_at": "2021-12-11T15:37:30.820Z",
      "updated_at": "2021-12-11T15:37:30.820Z",
      "feed_type": "HAY PELLETS",
      "unit": "SCOOP",
      "amount": "1.00",
      "horse": 12
    }
  },
  {
    "model": "holiday_acres_api.feed",
    "pk": 20,
    "fields": {
      "created_at": "2021-12-11T15:37:30.820Z",
      "updated_at": "2021-12-11T15:37:30.820Z",
      "feed_type": "PELLETS",
      "unit": "SCOOP",
      "amount": "1.00",
      "horse": 12
    }
  },
  {
    "model": "holiday_acres_api.feed",
    "pk": 21,
    "fields": {
      "created_at": "2021-12-11T15:37:30.820Z",
      "updated_at": "2021-12-11T15:37:30.820Z",
      "feed_type": "PELLETS",
      "unit": "SCOOP",
      "amount": "1.00",
      "horse": 13
    }
  },
  {
    "model": "holiday_acres_api.feed",
    "pk": 22,
    "fields": {
      "created_at": "2021-12-11T15:37:30.820Z",
      "updated_at": "2021-12-11T15:37:30.820Z",
      "feed_type": "FIBREMAX",
      "unit": "SCOOP",
      "amount": "1.00",
      "horse": 13
    }
  },
  {
    "model": "holiday_acres_api.feed",
    "pk": 23,
    "fields": {
      "created_at": "2021-12-11T15:37:30.820Z",
      "updated_at": "2021-12-11T15:37:30.820Z",
      "feed_type": "PELLETS",
      "unit": "SCOOP",
      "amount": "1.00",
      "horse": 14
    }
  },
  {
    "model": "holiday_acres_api.feed",
    "pk": 24,
    "fields": {
      "created_at": "2021-12-11T15:37:30.820Z",
      "updated_at": "2021-12-11T15:37:30.820Z",
      "feed_type": "PELLETS",
      "unit": "SCOOP",
      "amount": "1.50",
      "horse": 15
    }
  },
  {
    "model": "holiday_acres_api.feed",
    "pk": 25,
    "fields": {
      "created_at": "2021-12-11T15:37:30.820Z",
      "updated_at": "2021-12-11T15:37:30.820Z",
      "feed_type": "CARB SAFE",
      "unit": "SCOOP",
      "amount": ".75",
      "horse": 16
    }
  },
  {
    "model": "holiday_acres_api.feed",
    "pk": 26,
    "fields": {
      "created_at": "2021-12-11T15:37:30.820Z",
      "updated_at": "2021-12-11T15:37:30.820Z",
      "feed_type": "OIL",
      "unit": "CUP",
      "amount": "1.00",
      "horse": 16
    }
  },
  {
    "model": "holiday_acres_api.feed",
    "pk": 27,
    "fields": {
      "created_at": "2021-12-11T15:37:30.820Z",
      "updated_at": "2021-12-11T15:37:30.820Z",
      "feed_type": "FIBREMAX",
      "unit": "SCOOP",
      "amount": "1.00",
      "horse": 17
    }
  },
  {
    "model": "holiday_acres_api.feed",
    "pk": 28,
    "fields": {
      "created_at": "2021-12-11T15:37:30.820Z",
      "updated_at": "2021-12-11T15:37:30.820Z",
      "feed_type": "FIBREMAX",
      "unit": "SCOOP",
      "amount": "2.00",
      "horse": 18
    }
  },
  {
    "model": "holiday_acres_api.feed",
    "pk": 29,
    "fields": {
      "created_at": "2021-12-11T15:37:30.820Z",
      "updated_at": "2021-12-11T15:37:30.820Z",
      "feed_type": "FIBREMAX",
      "unit": "SCOOP",
      "amount": ".25",
      "horse": 19
    }
  },
  {
    "model": "holiday_acres_api.feed",
    "pk": 30,
    "fields": {
      "created_at": "2021-12-11T15:37:30.820Z",
      "updated_at": "2021-12-11T15:37:30.820Z",
      "feed_type": "HAY PELLETS",
      "unit": "SCOOP",
      "amount": ".50",
      "horse": 19
    }
  },
  {
    "model": "holiday_acres_api.feed",
    "pk": 31,
    "fields": {
      "created_at": "2021-12-11T15:37:30.820Z",
      "updated_at": "2021-12-11T15:37:30.820Z",
      "feed_type": "PELLETS",
      "unit": "SCOOP",
      "amount": "1.00",
      "horse": 20
    }
  },
  {
    "model": "holiday_acres_api.feed",
    "pk": 32,
    "fields": {
      "created_at": "2021-12-11T15:37:30.820Z",
      "updated_at": "2021-12-11T15:37:30.820Z",
      "feed_type": "PELLETS",
      "unit": "SCOOP",
      "amount": "1.00",
      "horse": 21
    }
  },
  {
    "model": "holiday_acres_api.feed",
    "pk": 33,
    "fields": {
      "created_at": "2021-12-11T15:37:30.820Z",
      "updated_at": "2021-12-11T15:37:30.820Z",
      "feed_type": "PELLETS",
      "unit": "SCOOP",
      "amount": "1.50",
      "horse": 22
    }
  },
  {
    "model": "holiday_acres_api.feed",
    "pk": 34,
    "fields": {
      "created_at": "2021-12-11T15:37:30.820Z",
      "updated_at": "2021-12-11T15:37:30.820Z",
      "feed_type": "PELLETS",
      "unit": "SCOOP",
      "amount": "1.50",
      "horse": 23
    }
  },
  {
    "model": "holiday_acres_api.feed",
    "pk": 35,
    "fields": {
      "created_at": "2021-12-11T15:37:30.820Z",
      "updated_at": "2021-12-11T15:37:30.820Z",
      "feed_type": "PELLETS",
      "unit": "SCOOP",
      "amount": ".50",
      "horse": 24
    }
  },
  {
    "model": "holiday_acres_api.feed",
    "pk": 36,
    "fields": {
      "created_at": "2021-12-11T15:37:30.820Z",
      "updated_at": "2021-12-11T15:37:30.820Z",
      "feed_type": "PELLETS",
      "unit": "SCOOP",
      "amount": "1.00",
      "horse": 25
    }
  },
  {
    "model": "holiday_acres_api.feed",
    "pk": 37,
    "fields": {
      "created_at": "2021-12-11T15:37:30.820Z",
      "updated_at": "2021-12-11T15:37:30.820Z",
      "feed_type": "PELLETS",
      "unit": "SCOOP",
      "amount": "1.50",
      "horse": 26
    }
  },
  {
    "model": "holiday_acres_api.feed",
    "pk": 38,
    "fields": {
      "created_at": "2021-12-11T15:37:30.820Z",
      "updated_at": "2021-12-11T15:37:30.820Z",
      "feed_type": "PELLETS",
      "unit": "SCOOP",
      "amount": "1.00",
      "horse": 27
    }
  },
  {
    "model": "holiday_acres_api.feed",
    "pk": 39,
    "fields": {
      "created_at": "2021-12-11T15:37:30.820Z",
      "updated_at": "2021-12-11T15:37:30.820Z",
      "feed_type": "PELLETS",
      "unit": "SCOOP",
      "amount": "1.00",
      "horse": 28
    }
  },
  {
    "model": "holiday_acres_api.feed",
    "pk": 40,
    "fields": {
      "created_at": "2021-12-11T15:37:30.820Z",
      "updated_at": "2021-12-11T15:37:30.820Z",
      "feed_type": "PELLETS",
      "unit": "SCOOP",
      "amount": ".50",
      "horse": 29
    }
  },
  {
    "model": "holiday_acres_api.feed",
    "pk": 41,
    "fields": {
      "created_at": "2021-12-11T15:37:30.820Z",
      "updated_at": "2021-12-11T15:37:30.820Z",
      "feed_type": "PELLETS",
      "unit": "HANDFUL",
      "amount": "1.00",
      "horse": 30
    }
  },
  {
    "model": "holiday_acres_api.feed",
    "pk": 42,
    "fields": {
      "created_at": "2021-12-11T15:37:30.820Z",
      "updated_at": "2021-12-11T15:37:30.820Z",
      "feed_type": "PELLETS",
      "unit": "SCOOP",
      "amount": ".25",
      "horse": 31
    }
  },
  {
    "model": "holiday_acres_api.feed",
    "pk": 43,
    "fields": {
      "created_at": "2021-12-11T15:37:30.820Z",
      "updated_at": "2021-12-11T15:37:30.820Z",
      "feed_type": "PELLETS",
      "unit": "SCOOP",
      "amount": "1.00",
      "horse": 32
    }
  },
  {
    "model": "holiday_acres_api.feed",
    "pk": 44,
    "fields": {
      "created_at": "2021-12-11T15:37:30.820Z",
      "updated_at": "2021-12-11T15:37:30.820Z",
      "feed_type": "HAY PELLETS",
      "unit": "SCOOP",
      "amount": ".50",
      "horse": 32
    }
  },
  {
    "model": "holiday_acres_api.feed",
    "pk": 45,
    "fields": {
      "created_at": "2021-12-11T15:37:30.820Z",
      "updated_at": "2021-12-11T15:37:30.820Z",
      "feed_type": "PELLETS",
      "unit": "SCOOP",
      "amount": ".50",
      "horse": 33
    }
  },
  {
    "model": "holiday_acres_api.feed",
    "pk": 46,
    "fields": {
      "created_at": "2021-12-11T15:37:30.820Z",
      "updated_at": "2021-12-11T15:37:30.820Z",
      "feed_type": "PELLETS",
      "unit": "SCOOP",
      "amount": ".75",
      "horse": 34
    }
  },
  {
    "model": "holiday_acres_api.feed",
    "pk": 47,
    "fields": {
      "created_at": "2021-12-11T15:37:30.820Z",
      "updated_at": "2021-12-11T15:37:30.820Z",
      "feed_type": "PELLETS",
      "unit": "HANDFUL",
      "amount": "1.00",
      "horse": 35
    }
  },
  {
    "model": "holiday_acres_api.feed",
    "pk": 48,
    "fields": {
      "created_at": "2021-12-11T15:37:30.820Z",
      "updated_at": "2021-12-11T15:37:30.820Z",
      "feed_type": "PELLETS",
      "unit": "SCOOP",
      "amount": "1.00",
      "horse": 36
    }
  },
  {
    "model": "holiday_acres_api.feed",
    "pk": 49,
    "fields": {
      "created_at": "2021-12-11T15:37:30.820Z",
      "updated_at": "2021-12-11T15:37:30.820Z",
      "feed_type": "PELLETS",
      "unit": "SCOOP",
      "amount": ".50",
      "horse": 37
    }
  }
]
